{
  "project_info": {
    "project_number": "276430041512",
    "firebase_url": "https://timestamp-1b48f.firebaseio.com",
    "project_id": "timestamp-1b48f",
    "storage_bucket": "timestamp-1b48f.appspot.com"
  },
  "client": [
    {
      "client_info": {
        "mobilesdk_app_id": "1:276430041512:android:b30cdd6db150d20a4bad9d",
        "android_client_info": {
          "package_name": "com.krishworks.adminlog01"
        }
      },
      "oauth_client": [
        {
          "client_id": "276430041512-tkb6lkt6irvhk5qtasjpr5l6dhnmrmo6.apps.googleusercontent.com",
          "client_type": 1,
          "android_info": {
            "package_name": "com.krishworks.adminlog01",
            "certificate_hash": "f9416c77a8f2fd9afc146a6745d095b90e7888d0"
          }
        },
        {
          "client_id": "276430041512-ig0chr7oco1oop1j5s4gq97r5u38n5ng.apps.googleusercontent.com",
          "client_type": 3
        }
      ],
      "api_key": [
        {
          "current_key": "AIzaSyAusfBLoVtfe_loMLdiJj3IK9q6QVMcHzY"
        }
      ],
      "services": {
        "appinvite_service": {
          "other_platform_oauth_client": [
            {
              "client_id": "276430041512-ig0chr7oco1oop1j5s4gq97r5u38n5ng.apps.googleusercontent.com",
              "client_type": 3
            }
          ]
        }
      }
    }
  ],
  "configuration_version": "1"
}